{"loss": [3.5787668228149414], "accuracy": [0.09885203838348389]}